"","Period","Yr11","Yr15","Change1115"
"1","Late Night Peak",3129.03333333333,2221.03,-29.02
"2","Evening",89179.2666666667,78743.06,-11.7
"3","Midday",145642.308333333,130628.64,-10.31
"4","PM Peak",260901.066666667,241138.63,-7.57
"5","AM Peak",238079.875,221393.73,-7.01
